,server-up,load-15m,memory_used_pct,cpu-user,cpu-system,sys-thermal,sys-interrupt-rate,disk-io-time
count,70944.0,70944.0,70944.0,70944.0,70944.0,70944.0,70944.0,70944.0
mean,2.0,0.07334362313937753,5.513079426699442,0.04204666313237834,0.03411897844756085,0.6042535068596896,914.510658992704,0.0004205619419190881
std,0.0,0.0564646829666402,0.8240070135363866,0.019738500493404147,0.013100135778017939,0.6527959790454468,91.6166684057631,0.0002859420364191614
min,2.0,0.0,4.164110228828132,0.0164999999993597,0.0139999999999986,0.0,695.16788,0.0
25%,2.0,0.02,4.867441191235045,0.0275000000000318,0.0249999999992724,0.0,843.4000000000001,0.0001999999999952
50%,2.0,0.07,4.944060286357238,0.0365000000005238,0.0300000000010186,0.05,899.8000000000001,0.0004000000000132
75%,2.0,0.1,6.351431761496315,0.0489999999990686,0.0385000000000104,1.25,971.8625,0.0006000000000085
max,2.0,0.25,8.689659223339785,0.1125562781390695,0.0825000000011641,2.8000000000000007,1249.85,0.0011999999999716
