,load-15m,sys-interrupt-rate,sys-thermal,disk-io-time,cpu-system,cpu-user,server-up,memory_used_pct
count,86395.0,86395.0,86395.0,86395.0,86395.0,86395.0,86395.0,86395.0
mean,8.562821922564963,1021.1705101522793,0.6192321702356116,0.0005103253514536861,0.041851589748916444,0.05895402045774749,1.9998958273048209,5.727736328286849
std,6.4422872368952735,1073.467512233246,0.6611656875128823,0.0015843091594889228,0.027544295928299618,0.058955649388233916,0.010206030025887504,0.9541874682817184
min,0.0,661.2605100000001,0.0,0.0,0.0139999999999986,0.0164999999993597,1.0,4.049891136470096
25%,3.0,853.9000000000002,0.0,0.000200000000018,0.0255000000004656,0.0289999999993597,2.0,4.879756516880384
50%,8.0,926.9,0.1,0.0004000000000132,0.0330000000001746,0.0415000000000873,2.0,5.825741350519831
75%,12.0,1012.4,1.25,0.0006000000000085,0.0484999999993306,0.0625000000007276,2.0,6.443642453765703
max,51.0,50853.25,3.1,0.2125999999999976,1.320999999999913,1.7084999999999129,2.0,10.35432598642303
